Title,Image,URL_detail,Address,Direction,Score,Reviews,_4abc4c3d5,_c5d12bf22,_2075f7b46__divcontains_class__4abc4c3d5,_3abe99b47,_4abc4c3d53,_a11e76d75
Trang Trang Boutique Hotel,https://cf.bstatic.com/xdata/images/hotel/square200/216042113.webp?k=60f4a0c346fea916d8d86eab9acb0f8678bd7995ccfdf62ef76e276df59814cf&o=&s=1,https://www.booking.com/hotel/vn/trang-trang-boutique.vi.html?label=gen173nr-1DCAEoggI46AdIM1gEaPQBiAEBmAEquAEXyAEM2AED6AEBiAIBqAIDuALtxc6QBsACAdICJDY4M2FiMTc0LWRkOGYtNDQxOC04YWM3LWFkMDU1ZWJjNzY3ZNgCBOACAQ&sid=ef786723233ce9c9c3de6fcdb70f7ba4&aid=304142&ucfs=1&arphpl=1&checkin=2022-02-24&checkout=2022-02-25&dest_id=-3714993&dest_type=city&group_adults=2&req_adults=2&no_rooms=1&group_children=0&req_children=0&hpos=1&hapos=1&sr_order=popularity&srpvid=c80d71f2d04202b6&srepoch=1645459952&all_sr_blocks=486268901_265832321_0_2_0&highlighted_blocks=486268901_265832321_0_2_0&matching_block_id=486268901_265832321_0_2_0&sr_pri_blocks=486268901_265832321_0_2_0__30015000&tpi_r=2&from=searchresults&map=1,"Qu?n Hoàn Ki?m, Ha? Nô?i","Cách trung tâm 0,7km","9,5",Xu?t s?c,594 ?ánh giá,Phòng Superior Có Gi??ng C? Queen,1 gi??ng ?ôi l?n,Mi?n Phí h?y phòng • Không c?n thanh toán tr??c,"1 ?êm, 2 ng??i l?n",VND 667.000
Hanoi Media Hotel & Spa,https://cf.bstatic.com/xdata/images/hotel/square200/295588951.webp?k=d4cda0975ae9fd70a4a720628c3bc59e6cca778885e5a991e9dcce32402911b4&o=&s=1,https://www.booking.com/hotel/vn/meracus.vi.html?label=gen173nr-1DCAEoggI46AdIM1gEaPQBiAEBmAEquAEXyAEM2AED6AEBiAIBqAIDuALtxc6QBsACAdICJDY4M2FiMTc0LWRkOGYtNDQxOC04YWM3LWFkMDU1ZWJjNzY3ZNgCBOACAQ&sid=ef786723233ce9c9c3de6fcdb70f7ba4&aid=304142&ucfs=1&arphpl=1&checkin=2022-02-24&checkout=2022-02-25&dest_id=-3714993&dest_type=city&group_adults=2&req_adults=2&no_rooms=1&group_children=0&req_children=0&hpos=2&hapos=2&sr_order=popularity&srpvid=c80d71f2d04202b6&srepoch=1645459952&all_sr_blocks=33880101_263760198_0_2_0&highlighted_blocks=33880101_263760198_0_2_0&matching_block_id=33880101_263760198_0_2_0&sr_pri_blocks=33880101_263760198_0_2_0__49500000&tpi_r=2&from=searchresults&map=1,"Qu?n Hoàn Ki?m, Ha? Nô?i",Cách trung tâm 500m,"9,0",Tuy?t h?o,414 ?ánh giá,Phòng Superior Gi??ng ?ôi,1 gi??ng ?ôi l?n,Mi?n Phí h?y phòng • Không c?n thanh toán tr??c,"1 ?êm, 2 ng??i l?n",VND 1.980.000
Moon West Lake Hotel & Residence,https://cf.bstatic.com/xdata/images/hotel/square200/304355783.webp?k=d830c8baf86e685020c958c274d3d29c2c1ca427bcbb0f253b735919726acefd&o=&s=1,https://www.booking.com/hotel/vn/moon-west-lake-serviced-apartment.vi.html?label=gen173nr-1DCAEoggI46AdIM1gEaPQBiAEBmAEquAEXyAEM2AED6AEBiAIBqAIDuALtxc6QBsACAdICJDY4M2FiMTc0LWRkOGYtNDQxOC04YWM3LWFkMDU1ZWJjNzY3ZNgCBOACAQ&sid=ef786723233ce9c9c3de6fcdb70f7ba4&aid=304142&ucfs=1&arphpl=1&checkin=2022-02-24&checkout=2022-02-25&dest_id=-3714993&dest_type=city&group_adults=2&req_adults=2&no_rooms=1&group_children=0&req_children=0&hpos=3&hapos=3&sr_order=popularity&srpvid=c80d71f2d04202b6&srepoch=1645459952&all_sr_blocks=542356106_328384193_2_0_0&highlighted_blocks=542356106_328384193_2_0_0&matching_block_id=542356106_328384193_2_0_0&sr_pri_blocks=542356106_328384193_2_0_0__75000000&tpi_r=2&from=searchresults&map=1,"Qu?n Tây H?, Ha? Nô?i",Cách trung tâm 5km,"8,3",R?t t?t,124 ?ánh giá,Phòng Deluxe Co? Gi???ng C?? Queen,1 gi??ng ?ôi l?n,Mi?n Phí h?y phòng • Không c?n thanh toán tr??c,"1 ?êm, 2 ng??i l?n",
Hanoi Prime Center Hotel,https://cf.bstatic.com/xdata/images/hotel/square200/247138462.webp?k=221dee62a87118a27dfe06a4767bc2ff33776269b98c7334fa0fbf9a83eb3470&o=&s=1,https://www.booking.com/hotel/vn/hanoi-prime-center-amp-travel.vi.html?label=gen173nr-1DCAEoggI46AdIM1gEaPQBiAEBmAEquAEXyAEM2AED6AEBiAIBqAIDuALtxc6QBsACAdICJDY4M2FiMTc0LWRkOGYtNDQxOC04YWM3LWFkMDU1ZWJjNzY3ZNgCBOACAQ&sid=ef786723233ce9c9c3de6fcdb70f7ba4&aid=304142&ucfs=1&arphpl=1&checkin=2022-02-24&checkout=2022-02-25&dest_id=-3714993&dest_type=city&group_adults=2&req_adults=2&no_rooms=1&group_children=0&req_children=0&hpos=4&hapos=4&sr_order=popularity&srpvid=c80d71f2d04202b6&srepoch=1645459952&all_sr_blocks=299824715_295804335_0_0_0&highlighted_blocks=299824715_295804335_0_0_0&matching_block_id=299824715_295804335_0_0_0&sr_pri_blocks=299824715_295804335_0_0_0__21780000&tpi_r=2&from=searchresults&map=1,"Qu?n Hoàn Ki?m, Ha? Nô?i","Cách trung tâm 1,1km","9,7",Xu?t s?c,193 ?ánh giá,?u ?ãi S? D?ng Trong Ngày (4 Gi?) - Phòng Superior Gi??ng ?ôi,1 gi??ng ?ôi l?n,Mi?n Phí h?y phòng • Không c?n thanh toán tr??c,"1 ?êm, 2 ng??i l?n",
Hanoi Sunshine Hotel,https://cf.bstatic.com/xdata/images/hotel/square200/326442295.webp?k=5871f3879bdcaa9d28b3b99e9ac6365e47663c8cc7695f06c49c02a21f5bd1f5&o=&s=1,https://www.booking.com/hotel/vn/hanoi-chic.vi.html?label=gen173nr-1DCAEoggI46AdIM1gEaPQBiAEBmAEquAEXyAEM2AED6AEBiAIBqAIDuALtxc6QBsACAdICJDY4M2FiMTc0LWRkOGYtNDQxOC04YWM3LWFkMDU1ZWJjNzY3ZNgCBOACAQ&sid=ef786723233ce9c9c3de6fcdb70f7ba4&aid=304142&ucfs=1&arphpl=1&checkin=2022-02-24&checkout=2022-02-25&dest_id=-3714993&dest_type=city&group_adults=2&req_adults=2&no_rooms=1&group_children=0&req_children=0&hpos=5&hapos=5&sr_order=popularity&srpvid=c80d71f2d04202b6&srepoch=1645459952&all_sr_blocks=27413716_263146663_0_2_0&highlighted_blocks=27413716_263146663_0_2_0&matching_block_id=27413716_263146663_0_2_0&sr_pri_blocks=27413716_263146663_0_2_0__45000000&tpi_r=2&from=searchresults&map=1,"Qu?n Hoàn Ki?m, Ha? Nô?i","Cách trung tâm 0,6km","9,2",Tuy?t h?o,1.910 ?ánh giá,Phòng Gia ?ình,"2 gi??ng (1 gi??ng ??n, 1 gi??ng ?ôi l?n)",Mi?n Phí h?y phòng • Không c?n thanh toán tr??c,"1 ?êm, 2 ng??i l?n",VND 1.800.000
Hanoi Center Silk Hotel & Travel,https://cf.bstatic.com/xdata/images/hotel/square200/293531159.webp?k=1a57900ffe6fb5a202c97a2e115ad41839d8d56cab4c040b4726fda68b3d81af&o=&s=1,https://www.booking.com/hotel/vn/essence-d-orient.vi.html?label=gen173nr-1DCAEoggI46AdIM1gEaPQBiAEBmAEquAEXyAEM2AED6AEBiAIBqAIDuALtxc6QBsACAdICJDY4M2FiMTc0LWRkOGYtNDQxOC04YWM3LWFkMDU1ZWJjNzY3ZNgCBOACAQ&sid=ef786723233ce9c9c3de6fcdb70f7ba4&aid=304142&ucfs=1&arphpl=1&checkin=2022-02-24&checkout=2022-02-25&dest_id=-3714993&dest_type=city&group_adults=2&req_adults=2&no_rooms=1&group_children=0&req_children=0&hpos=6&hapos=6&sr_order=popularity&srpvid=c80d71f2d04202b6&srepoch=1645459952&all_sr_blocks=26547801_295932320_2_42_0&highlighted_blocks=26547801_295932320_2_42_0&matching_block_id=26547801_295932320_2_42_0&sr_pri_blocks=26547801_295932320_2_42_0__47196000&tpi_r=2&from=searchresults&map=1,"Qu?n Hoàn Ki?m, Ha? Nô?i","Cách trung tâm 0,7km","8,9",Tuy?t v?i,264 ?ánh giá,Phòng Deluxe v?i C?a s?,Nhi?u lo?i gi??ng,Mi?n Phí h?y phòng • Không c?n thanh toán tr??c,"1 ?êm, 2 ng??i l?n",VND 2.359.800
Spring Hotel Hanoi,https://cf.bstatic.com/xdata/images/hotel/square200/190106810.webp?k=f0fe20808d447ae8c4e634001fad9f3002a255b24b5bc9d582f0ac84856d31aa&o=&s=1,https://www.booking.com/hotel/vn/spring-hanoi.vi.html?label=gen173nr-1DCAEoggI46AdIM1gEaPQBiAEBmAEquAEXyAEM2AED6AEBiAIBqAIDuALtxc6QBsACAdICJDY4M2FiMTc0LWRkOGYtNDQxOC04YWM3LWFkMDU1ZWJjNzY3ZNgCBOACAQ&sid=ef786723233ce9c9c3de6fcdb70f7ba4&aid=304142&ucfs=1&arphpl=1&checkin=2022-02-24&checkout=2022-02-25&dest_id=-3714993&dest_type=city&group_adults=2&req_adults=2&no_rooms=1&group_children=0&req_children=0&hpos=7&hapos=7&sr_order=popularity&srpvid=c80d71f2d04202b6&srepoch=1645459952&all_sr_blocks=444460401_133259668_0_0_0&highlighted_blocks=444460401_133259668_0_0_0&matching_block_id=444460401_133259668_0_0_0&sr_pri_blocks=444460401_133259668_0_0_0__97200000&tpi_r=1&from=searchresults&map=1,"Cau Giay, Ha? Nô?i","Cách trung tâm 6,9km","8,7",Tuy?t v?i,59 ?ánh giá,Phòng C? ?i?n Gi??ng C? King,,Mi?n phí h?y,,
The Oriental Jade Hotel,https://cf.bstatic.com/xdata/images/hotel/square200/221822290.webp?k=5f3aa805d35adc65bba813df7bd3a08cc6e0e9bee12c76c2199dbbbc4f0d5554&o=&s=1,https://www.booking.com/hotel/vn/the-oriental-jade-amp-spa.vi.html?label=gen173nr-1DCAEoggI46AdIM1gEaPQBiAEBmAEquAEXyAEM2AED6AEBiAIBqAIDuALtxc6QBsACAdICJDY4M2FiMTc0LWRkOGYtNDQxOC04YWM3LWFkMDU1ZWJjNzY3ZNgCBOACAQ&sid=ef786723233ce9c9c3de6fcdb70f7ba4&aid=304142&ucfs=1&arphpl=1&checkin=2022-02-24&checkout=2022-02-25&dest_id=-3714993&dest_type=city&group_adults=2&req_adults=2&no_rooms=1&group_children=0&req_children=0&hpos=8&hapos=8&sr_order=popularity&srpvid=c80d71f2d04202b6&srepoch=1645459952&all_sr_blocks=485753201_285223901_0_2_0&highlighted_blocks=485753201_285223901_0_2_0&matching_block_id=485753201_285223901_0_2_0&sr_pri_blocks=485753201_285223901_0_2_0__128606400&tpi_r=2&from=searchresults&map=1,"Qu?n Hoàn Ki?m, Ha? Nô?i",Cách trung tâm 300m,"9,5",Xu?t s?c,1.592 ?ánh giá,Phòng Oriental Pearl 2 Gi??ng ??n,2 gi??ng ??n,Mi?n Phí h?y phòng • Không c?n thanh toán tr??c,"1 ?êm, 2 ng??i l?n",VND 3.062.056
Amorita Boutique Hotel Hanoi,https://cf.bstatic.com/xdata/images/hotel/square200/290174947.webp?k=86a6353e11af39bcc61801392d8e1ba1ccc3e6d2d621971151f5c161be37fee1&o=&s=1,https://www.booking.com/hotel/vn/hanoi-royal-view.vi.html?label=gen173nr-1DCAEoggI46AdIM1gEaPQBiAEBmAEquAEXyAEM2AED6AEBiAIBqAIDuALtxc6QBsACAdICJDY4M2FiMTc0LWRkOGYtNDQxOC04YWM3LWFkMDU1ZWJjNzY3ZNgCBOACAQ&sid=ef786723233ce9c9c3de6fcdb70f7ba4&aid=304142&ucfs=1&arphpl=1&checkin=2022-02-24&checkout=2022-02-25&dest_id=-3714993&dest_type=city&group_adults=2&req_adults=2&no_rooms=1&group_children=0&req_children=0&hpos=9&hapos=9&sr_order=popularity&srpvid=c80d71f2d04202b6&srepoch=1645459952&all_sr_blocks=26669554_265160873_0_2_0&highlighted_blocks=26669554_265160873_0_2_0&matching_block_id=26669554_265160873_0_2_0&sr_pri_blocks=26669554_265160873_0_2_0__30800000&tpi_r=2&from=searchresults&map=1,"Qu?n Hoàn Ki?m, Ha? Nô?i",Cách trung tâm 400m,"8,7",Tuy?t v?i,1.181 ?ánh giá,Phòng Deluxe Gi??ng ?ôi/2 Gi??ng ??n,1 gi??ng ?ôi ho?c 2 gi??ng ??n,Mi?n Phí h?y phòng • Không c?n thanh toán tr??c,"1 ?êm, 2 ng??i l?n",VND 1.400.000
Hanoi Ancient Paradise Hotel & Travel,https://cf.bstatic.com/xdata/images/hotel/square200/258287071.webp?k=270f2311f6520f66ffad3cd602ca10f882a8971276e766c8c621c5253bbc2d46&o=&s=1,https://www.booking.com/hotel/vn/hanoi-accient-paradise-amp-travel.vi.html?label=gen173nr-1DCAEoggI46AdIM1gEaPQBiAEBmAEquAEXyAEM2AED6AEBiAIBqAIDuALtxc6QBsACAdICJDY4M2FiMTc0LWRkOGYtNDQxOC04YWM3LWFkMDU1ZWJjNzY3ZNgCBOACAQ&sid=ef786723233ce9c9c3de6fcdb70f7ba4&aid=304142&ucfs=1&arphpl=1&checkin=2022-02-24&checkout=2022-02-25&dest_id=-3714993&dest_type=city&group_adults=2&req_adults=2&no_rooms=1&group_children=0&req_children=0&hpos=10&hapos=10&sr_order=popularity&srpvid=c80d71f2d04202b6&srepoch=1645459952&all_sr_blocks=651145605_288460707_0_2_0&highlighted_blocks=651145605_288460707_0_2_0&matching_block_id=651145605_288460707_0_2_0&sr_pri_blocks=651145605_288460707_0_2_0__26334000&tpi_r=2&from=searchresults&map=1,"Qu?n Hoàn Ki?m, Ha? Nô?i",Cách trung tâm 1km,"9,2",Tuy?t h?o,299 ?ánh giá,?u ?ãi S? D?ng Trong Ngày (3 Gi?) - Phòng Deluxe,Nhi?u lo?i gi??ng,Mi?n Phí h?y phòng • Không c?n thanh toán tr??c,"1 ?êm, 2 ng??i l?n",VND 342.000
Hanoian Central Hotel & Spa,https://cf.bstatic.com/xdata/images/hotel/square200/216326414.webp?k=3e21b8f57b08ad07015b9e7b54a86e888806df3471815236eb0002bb6e5dfbea&o=&s=1,https://www.booking.com/hotel/vn/the-hanoian-hotel.vi.html?label=gen173nr-1DCAEoggI46AdIM1gEaPQBiAEBmAEquAEXyAEM2AED6AEBiAIBqAIDuALtxc6QBsACAdICJDY4M2FiMTc0LWRkOGYtNDQxOC04YWM3LWFkMDU1ZWJjNzY3ZNgCBOACAQ&sid=ef786723233ce9c9c3de6fcdb70f7ba4&aid=304142&ucfs=1&arphpl=1&checkin=2022-02-24&checkout=2022-02-25&dest_id=-3714993&dest_type=city&group_adults=2&req_adults=2&no_rooms=1&group_children=0&req_children=0&hpos=11&hapos=11&sr_order=popularity&srpvid=c80d71f2d04202b6&srepoch=1645459952&all_sr_blocks=36064401_265723794_0_42_0&highlighted_blocks=36064401_265723794_0_42_0&matching_block_id=36064401_265723794_0_42_0&sr_pri_blocks=36064401_265723794_0_42_0__77786000&tpi_r=2&from=searchresults&map=1,"Qu?n Hoàn Ki?m, Ha? Nô?i","Cách trung tâm 1,2km","9,5",Xu?t s?c,203 ?ánh giá,Phòng Superior Gi??ng ?ôi,1 gi??ng ?ôi c?c l?n,Mi?n Phí h?y phòng • Không c?n thanh toán tr??c,"1 ?êm, 2 ng??i l?n",VND 1.555.720
Aura Home Opera House 1A,https://cf.bstatic.com/xdata/images/hotel/square200/334507230.webp?k=fc359481a162f5e707dfb113ff8691cd8a25bbe75c55df8fe942c853dac2c16f&o=&s=1,https://www.booking.com/hotel/vn/aura-home-1a-trang-tien.vi.html?label=gen173nr-1DCAEoggI46AdIM1gEaPQBiAEBmAEquAEXyAEM2AED6AEBiAIBqAIDuALtxc6QBsACAdICJDY4M2FiMTc0LWRkOGYtNDQxOC04YWM3LWFkMDU1ZWJjNzY3ZNgCBOACAQ&sid=ef786723233ce9c9c3de6fcdb70f7ba4&aid=304142&ucfs=1&arphpl=1&checkin=2022-02-24&checkout=2022-02-25&dest_id=-3714993&dest_type=city&group_adults=2&req_adults=2&no_rooms=1&group_children=0&req_children=0&hpos=12&hapos=12&sr_order=popularity&srpvid=c80d71f2d04202b6&srepoch=1645459952&all_sr_blocks=810304301_343204453_2_1_0&highlighted_blocks=810304301_343204453_2_1_0&matching_block_id=810304301_343204453_2_1_0&sr_pri_blocks=810304301_343204453_2_1_0__76000000&tpi_r=2&from=searchresults&map=1,"Qu?n Hoàn Ki?m, Ha? Nô?i","Cách trung tâm 0,7km",10,Xu?t s?c,3 ?ánh giá,C?n H? 2 Phòng Ng?,"3 gi??ng (1 gi??ng sofa, 2 gi??ng ?ôi l?n)",Mi?n Phí h?y phòng • Không c?n thanh toán tr??c,"1 ?êm, 2 ng??i l?n",
Mai Hotel,https://cf.bstatic.com/xdata/images/hotel/square200/331705262.webp?k=72a2889760e70f453de94495d23839df7b1e7908a3a7465440fb962006dc9477&o=&s=1,https://www.booking.com/hotel/vn/mai-ha-noi1.vi.html?label=gen173nr-1DCAEoggI46AdIM1gEaPQBiAEBmAEquAEXyAEM2AED6AEBiAIBqAIDuALtxc6QBsACAdICJDY4M2FiMTc0LWRkOGYtNDQxOC04YWM3LWFkMDU1ZWJjNzY3ZNgCBOACAQ&sid=ef786723233ce9c9c3de6fcdb70f7ba4&aid=304142&ucfs=1&arphpl=1&checkin=2022-02-24&checkout=2022-02-25&dest_id=-3714993&dest_type=city&group_adults=2&req_adults=2&no_rooms=1&group_children=0&req_children=0&hpos=13&hapos=13&sr_order=popularity&srpvid=c80d71f2d04202b6&srepoch=1645459952&all_sr_blocks=780579306_336476823_2_2_0&highlighted_blocks=780579306_336476823_2_2_0&matching_block_id=780579306_336476823_2_2_0&sr_pri_blocks=780579306_336476823_2_2_0__30000000&tpi_r=2&from=searchresults&map=1,"Qu?n ??ng ?a, Ha? Nô?i",Cách trung tâm 3km,"8,9",Tuy?t v?i,12 ?ánh giá,S? D?ng Trong Ngày (2 Gi?),1 gi??ng ?ôi l?n,Mi?n Phí h?y phòng • Không c?n thanh toán tr??c,"1 ?êm, 2 ng??i l?n",
Dal Vostro Hotel & Spa,https://cf.bstatic.com/xdata/images/hotel/square200/257409980.webp?k=a8f0264420e403d17952823e3f12cfee3cbe485a612d70f902896bd7731d8320&o=&s=1,https://www.booking.com/hotel/vn/dal-vostro-amp-spa.vi.html?label=gen173nr-1DCAEoggI46AdIM1gEaPQBiAEBmAEquAEXyAEM2AED6AEBiAIBqAIDuALtxc6QBsACAdICJDY4M2FiMTc0LWRkOGYtNDQxOC04YWM3LWFkMDU1ZWJjNzY3ZNgCBOACAQ&sid=ef786723233ce9c9c3de6fcdb70f7ba4&aid=304142&ucfs=1&arphpl=1&checkin=2022-02-24&checkout=2022-02-25&dest_id=-3714993&dest_type=city&group_adults=2&req_adults=2&no_rooms=1&group_children=0&req_children=0&hpos=14&hapos=14&sr_order=popularity&srpvid=c80d71f2d04202b6&srepoch=1645459952&all_sr_blocks=324917510_262618656_0_42_0&highlighted_blocks=324917510_262618656_0_42_0&matching_block_id=324917510_262618656_0_42_0&sr_pri_blocks=324917510_262618656_0_42_0__35700000&tpi_r=2&from=searchresults&map=1,"Qu?n Hoàn Ki?m, Ha? Nô?i",Cách trung tâm 400m,"8,8",Tuy?t v?i,844 ?ánh giá,?u ?ãi S? D?ng Trong Ngày (2 Gi?) - Phòng Deluxe Gi??ng ?ôi,1 gi??ng ?ôi l?n,Mi?n Phí h?y phòng • Không c?n thanh toán tr??c,"1 ?êm, 2 ng??i l?n",
Poonsa Duy Tan Hotel and Serviced Apartment,https://cf.bstatic.com/xdata/images/hotel/square200/287372418.webp?k=8a58820f150bd7309709300ea050efba0a59fd197e4701ddfd0b5262fa5b2448&o=&s=1,https://www.booking.com/hotel/vn/poonsa-serviced-apartment-7.vi.html?label=gen173nr-1DCAEoggI46AdIM1gEaPQBiAEBmAEquAEXyAEM2AED6AEBiAIBqAIDuALtxc6QBsACAdICJDY4M2FiMTc0LWRkOGYtNDQxOC04YWM3LWFkMDU1ZWJjNzY3ZNgCBOACAQ&sid=ef786723233ce9c9c3de6fcdb70f7ba4&aid=304142&ucfs=1&arphpl=1&checkin=2022-02-24&checkout=2022-02-25&dest_id=-3714993&dest_type=city&group_adults=2&req_adults=2&no_rooms=1&group_children=0&req_children=0&hpos=15&hapos=15&sr_order=popularity&srpvid=c80d71f2d04202b6&srepoch=1645459952&all_sr_blocks=219360504_295921504_2_0_0&highlighted_blocks=219360504_295921504_2_0_0&matching_block_id=219360504_295921504_2_0_0&sr_pri_blocks=219360504_295921504_2_0_0__61612500&tpi_r=1&from=searchresults&map=1,"Cau Giay, Ha? Nô?i","Cách trung tâm 6,6km","8,4",R?t t?t,59 ?ánh giá,Studio Superior,,,,
Aira Boutique Hanoi Hotel & Spa,https://cf.bstatic.com/xdata/images/hotel/square200/282635560.webp?k=3928326a7a3f73664343dd0a338177134c506e805e052533d6bc11cf36ef2cba&o=&s=1,https://www.booking.com/hotel/vn/aira-boutique-hanoi-hotel-spa.vi.html?label=gen173nr-1DCAEoggI46AdIM1gEaPQBiAEBmAEquAEXyAEM2AED6AEBiAIBqAIDuALtxc6QBsACAdICJDY4M2FiMTc0LWRkOGYtNDQxOC04YWM3LWFkMDU1ZWJjNzY3ZNgCBOACAQ&sid=ef786723233ce9c9c3de6fcdb70f7ba4&aid=304142&ucfs=1&arphpl=1&checkin=2022-02-24&checkout=2022-02-25&dest_id=-3714993&dest_type=city&group_adults=2&req_adults=2&no_rooms=1&group_children=0&req_children=0&hpos=16&hapos=16&sr_order=popularity&srpvid=c80d71f2d04202b6&srepoch=1645459952&all_sr_blocks=394548301_288357500_0_2_0&highlighted_blocks=394548301_288357500_0_2_0&matching_block_id=394548301_288357500_0_2_0&sr_pri_blocks=394548301_288357500_0_2_0__87420000&tpi_r=2&from=searchresults&map=1,"Qu?n Hoàn Ki?m, Ha? Nô?i","Cách trung tâm 0,8km","9,5",Xu?t s?c,1.097 ?ánh giá,Pho?ng Deluxe Gi???ng ?ôi,1 gi??ng ?ôi c?c l?n,Mi?n Phí h?y phòng • Không c?n thanh toán tr??c,"1 ?êm, 2 ng??i l?n",VND 1.410.000
Aurora Premium Hotel & Spa,https://cf.bstatic.com/xdata/images/hotel/square200/212201418.webp?k=91c9766c7496a48ec81ad81c82456abb00b198fc3efe1266dc95fc80ddc8f0ff&o=&s=1,https://www.booking.com/hotel/vn/delicacy-central-amp-spa-ha-noi.vi.html?label=gen173nr-1DCAEoggI46AdIM1gEaPQBiAEBmAEquAEXyAEM2AED6AEBiAIBqAIDuALtxc6QBsACAdICJDY4M2FiMTc0LWRkOGYtNDQxOC04YWM3LWFkMDU1ZWJjNzY3ZNgCBOACAQ&sid=ef786723233ce9c9c3de6fcdb70f7ba4&aid=304142&ucfs=1&arphpl=1&checkin=2022-02-24&checkout=2022-02-25&dest_id=-3714993&dest_type=city&group_adults=2&req_adults=2&no_rooms=1&group_children=0&req_children=0&hpos=17&hapos=17&sr_order=popularity&srpvid=c80d71f2d04202b6&srepoch=1645459952&all_sr_blocks=517462911_272395873_2_2_0&highlighted_blocks=517462911_272395873_2_2_0&matching_block_id=517462911_272395873_2_2_0&sr_pri_blocks=517462911_272395873_2_2_0__62220000&tpi_r=2&from=searchresults&map=1,"Qu?n Hoàn Ki?m, Ha? Nô?i","Cách trung tâm 0,5km","9,3",Tuy?t h?o,157 ?ánh giá,"?u ?ãi S? D?ng Trong Ngày (?u ?ãi trong ngày, s? d?ng 2 gi?) - Phòng Trung Tâm",Nhi?u lo?i gi??ng,,"1 ?êm, 2 ng??i l?n",VND 1.220.000
Bella Rosa Hotel & Spa,https://cf.bstatic.com/xdata/images/hotel/square200/168685521.webp?k=61925b43511cc839f657950b35207b98c068a6b90b5372851f2079c1677716e8&o=&s=1,https://www.booking.com/hotel/vn/bella-rosa.vi.html?label=gen173nr-1DCAEoggI46AdIM1gEaPQBiAEBmAEquAEXyAEM2AED6AEBiAIBqAIDuALtxc6QBsACAdICJDY4M2FiMTc0LWRkOGYtNDQxOC04YWM3LWFkMDU1ZWJjNzY3ZNgCBOACAQ&sid=ef786723233ce9c9c3de6fcdb70f7ba4&aid=304142&ucfs=1&arphpl=1&checkin=2022-02-24&checkout=2022-02-25&dest_id=-3714993&dest_type=city&group_adults=2&req_adults=2&no_rooms=1&group_children=0&req_children=0&hpos=18&hapos=18&sr_order=popularity&srpvid=c80d71f2d04202b6&srepoch=1645459952&all_sr_blocks=176472202_123746373_2_1_0&highlighted_blocks=176472202_123746373_2_1_0&matching_block_id=176472202_123746373_2_1_0&sr_pri_blocks=176472202_123746373_2_1_0__62775000&tpi_r=2&from=searchresults&map=1,"Qu?n Hoàn Ki?m, Ha? Nô?i",Cách trung tâm 500m,"9,0",Tuy?t h?o,259 ?ánh giá,Pho?ng Deluxe Gi???ng ?ôi,1 gi??ng ?ôi c?c l?n,Mi?n Phí h?y phòng • Không c?n thanh toán tr??c,"1 ?êm, 2 ng??i l?n",VND 1.395.000
The Bloom Hanoi,https://cf.bstatic.com/xdata/images/hotel/square200/299153484.webp?k=8874c5e38f4c8c3a5e82aa15a24d9be999536888f3bb52078b4d64afb59f086e&o=&s=1,https://www.booking.com/hotel/vn/the-bloom-ha-noi-ha-noi.vi.html?label=gen173nr-1DCAEoggI46AdIM1gEaPQBiAEBmAEquAEXyAEM2AED6AEBiAIBqAIDuALtxc6QBsACAdICJDY4M2FiMTc0LWRkOGYtNDQxOC04YWM3LWFkMDU1ZWJjNzY3ZNgCBOACAQ&sid=ef786723233ce9c9c3de6fcdb70f7ba4&aid=304142&ucfs=1&arphpl=1&checkin=2022-02-24&checkout=2022-02-25&dest_id=-3714993&dest_type=city&group_adults=2&req_adults=2&no_rooms=1&group_children=0&req_children=0&hpos=19&hapos=19&sr_order=popularity&srpvid=c80d71f2d04202b6&srepoch=1645459952&all_sr_blocks=573646303_326457730_0_9_0&highlighted_blocks=573646303_326457730_0_9_0&matching_block_id=573646303_326457730_0_9_0&sr_pri_blocks=573646303_326457730_0_9_0__82305000&tpi_r=1&from=searchresults&map=1,"Cau Giay, Ha? Nô?i",Cách trung tâm 7km,"9,2",Tuy?t h?o,172 ?ánh giá,Studio,,Mi?n phí h?y,,
Hanoi La Siesta Hotel & Spa,https://cf.bstatic.com/xdata/images/hotel/square200/243260075.webp?k=9c4cc8443b8c5f98a866f187f2ce3c197bc62cffb4a829e00629775e34ac5d5c&o=&s=1,https://www.booking.com/hotel/vn/hanoi-la-siesta.vi.html?label=gen173nr-1DCAEoggI46AdIM1gEaPQBiAEBmAEquAEXyAEM2AED6AEBiAIBqAIDuALtxc6QBsACAdICJDY4M2FiMTc0LWRkOGYtNDQxOC04YWM3LWFkMDU1ZWJjNzY3ZNgCBOACAQ&sid=ef786723233ce9c9c3de6fcdb70f7ba4&aid=304142&ucfs=1&arphpl=1&checkin=2022-02-24&checkout=2022-02-25&dest_id=-3714993&dest_type=city&group_adults=2&req_adults=2&no_rooms=1&group_children=0&req_children=0&hpos=20&hapos=20&sr_order=popularity&srpvid=c80d71f2d04202b6&srepoch=1645459952&all_sr_blocks=111583711_278823990_0_42_0&highlighted_blocks=111583711_278823990_0_42_0&matching_block_id=111583711_278823990_0_42_0&sr_pri_blocks=111583711_278823990_0_42_0__147900000&tpi_r=1&from=searchresults&map=1,"Qu?n Hoàn Ki?m, Ha? Nô?i","Cách trung tâm 0,8km","9,5",Xu?t s?c,295 ?ánh giá,Phòng Superior không có C?a s?,,Mi?n phí h?y,,
Luxury Old Quarter Hotel & Gym,https://cf.bstatic.com/xdata/images/hotel/square200/98014686.webp?k=8c8f09003e88553a5990dd2c6b30798ab11d5eb3028134bb850457eedc01465c&o=&s=1,https://www.booking.com/hotel/vn/luxury-old-quarter.vi.html?label=gen173nr-1DCAEoggI46AdIM1gEaPQBiAEBmAEquAEXyAEM2AED6AEBiAIBqAIDuALtxc6QBsACAdICJDY4M2FiMTc0LWRkOGYtNDQxOC04YWM3LWFkMDU1ZWJjNzY3ZNgCBOACAQ&sid=ef786723233ce9c9c3de6fcdb70f7ba4&aid=304142&ucfs=1&arphpl=1&checkin=2022-02-24&checkout=2022-02-25&dest_id=-3714993&dest_type=city&group_adults=2&req_adults=2&no_rooms=1&group_children=0&req_children=0&hpos=21&hapos=21&sr_order=popularity&srpvid=c80d71f2d04202b6&srepoch=1645459952&all_sr_blocks=211520801_264002309_2_0_0&highlighted_blocks=211520801_264002309_2_0_0&matching_block_id=211520801_264002309_2_0_0&sr_pri_blocks=211520801_264002309_2_0_0__70200000&tpi_r=2&from=searchresults&map=1,"Qu?n Hoàn Ki?m, Ha? Nô?i","Cách trung tâm 0,8km","9,3",Tuy?t h?o,327 ?ánh giá,Phòng Superior Gi??ng ?ôi,1 gi??ng ?ôi,Mi?n Phí h?y phòng • Không c?n thanh toán tr??c,"1 ?êm, 2 ng??i l?n",VND 2.700.000
Babylon Premium Hotel & Spa,https://cf.bstatic.com/xdata/images/hotel/square200/239320698.webp?k=aae9318f98d9639e5f525394563b271fc0835ba43e1c781cb4d2e89076d00e3e&o=&s=1,https://www.booking.com/hotel/vn/babylon-premium-amp-spa.vi.html?label=gen173nr-1DCAEoggI46AdIM1gEaPQBiAEBmAEquAEXyAEM2AED6AEBiAIBqAIDuALtxc6QBsACAdICJDY4M2FiMTc0LWRkOGYtNDQxOC04YWM3LWFkMDU1ZWJjNzY3ZNgCBOACAQ&sid=ef786723233ce9c9c3de6fcdb70f7ba4&aid=304142&ucfs=1&arphpl=1&checkin=2022-02-24&checkout=2022-02-25&dest_id=-3714993&dest_type=city&group_adults=2&req_adults=2&no_rooms=1&group_children=0&req_children=0&hpos=22&hapos=22&sr_order=popularity&srpvid=c80d71f2d04202b6&srepoch=1645459952&all_sr_blocks=517400501_266166917_2_1_0&highlighted_blocks=517400501_266166917_2_1_0&matching_block_id=517400501_266166917_2_1_0&sr_pri_blocks=517400501_266166917_2_1_0__75240000&tpi_r=2&from=searchresults&map=1,"Qu?n Hoàn Ki?m, Ha? Nô?i","Cách trung tâm 0,6km","9,5",Xu?t s?c,365 ?ánh giá,Phòng Superior Gi??ng ?ôi/2 Gi??ng ??n,1 gi??ng ?ôi ho?c 2 gi??ng ??n,Mi?n Phí h?y phòng • Không c?n thanh toán tr??c,"1 ?êm, 2 ng??i l?n",VND 1.368.000
La Siesta Premium Hang Be,https://cf.bstatic.com/xdata/images/hotel/square200/192447743.webp?k=ee13d74c5987dad26af5ca8806cc3ab9a90f6f7a6d7088e3a260697b0beaab27&o=&s=1,https://www.booking.com/hotel/vn/la-siesta-classic-hang-be.vi.html?label=gen173nr-1DCAEoggI46AdIM1gEaPQBiAEBmAEquAEXyAEM2AED6AEBiAIBqAIDuALtxc6QBsACAdICJDY4M2FiMTc0LWRkOGYtNDQxOC04YWM3LWFkMDU1ZWJjNzY3ZNgCBOACAQ&sid=ef786723233ce9c9c3de6fcdb70f7ba4&aid=304142&ucfs=1&arphpl=1&checkin=2022-02-24&checkout=2022-02-25&dest_id=-3714993&dest_type=city&group_adults=2&req_adults=2&no_rooms=1&group_children=0&req_children=0&hpos=23&hapos=23&sr_order=popularity&srpvid=c80d71f2d04202b6&srepoch=1645459952&all_sr_blocks=472582301_265619714_0_0_0&highlighted_blocks=472582301_265619714_0_0_0&matching_block_id=472582301_265619714_0_0_0&sr_pri_blocks=472582301_265619714_0_0_0__142120000&tpi_r=1&from=searchresults&map=1,"Qu?n Hoàn Ki?m, Ha? Nô?i","Cách trung tâm 0,6km","9,5",Xu?t s?c,492 ?ánh giá,Phòng Superior không có C?a s?,,Mi?n phí h?y,,
Hanoi Aria Central Hotel & Spa,https://cf.bstatic.com/xdata/images/hotel/square200/293990735.webp?k=7d43aec6f6b571f7eca2270b4f23bdcbaca1b138f7ee0ad804fdb298267c9107&o=&s=1,https://www.booking.com/hotel/vn/hanoi-aria-central-amp-spa.vi.html?label=gen173nr-1DCAEoggI46AdIM1gEaPQBiAEBmAEquAEXyAEM2AED6AEBiAIBqAIDuALtxc6QBsACAdICJDY4M2FiMTc0LWRkOGYtNDQxOC04YWM3LWFkMDU1ZWJjNzY3ZNgCBOACAQ&sid=ef786723233ce9c9c3de6fcdb70f7ba4&aid=304142&ucfs=1&arphpl=1&checkin=2022-02-24&checkout=2022-02-25&dest_id=-3714993&dest_type=city&group_adults=2&req_adults=2&no_rooms=1&group_children=0&req_children=0&hpos=24&hapos=24&sr_order=popularity&srpvid=c80d71f2d04202b6&srepoch=1645459952&all_sr_blocks=450194826_264048079_2_0_0&highlighted_blocks=450194826_264048079_2_0_0&matching_block_id=450194826_264048079_2_0_0&sr_pri_blocks=450194826_264048079_2_0_0__64000000&tpi_r=1&from=searchresults&map=1,Ha? Nô?i,"Cách trung tâm 1,1km",10,Xu?t s?c,14 ?ánh giá,Phòng Superior Gi??ng ?ôi,,,,
Spring Flower Hotel,https://cf.bstatic.com/xdata/images/hotel/square200/209609239.webp?k=b1405fe1b389c1965d1b722e9c6141c1c94ea328ff220b3d9bd34a575910f254&o=&s=1,https://www.booking.com/hotel/vn/spring-flower.vi.html?label=gen173nr-1DCAEoggI46AdIM1gEaPQBiAEBmAEquAEXyAEM2AED6AEBiAIBqAIDuALtxc6QBsACAdICJDY4M2FiMTc0LWRkOGYtNDQxOC04YWM3LWFkMDU1ZWJjNzY3ZNgCBOACAQ&sid=ef786723233ce9c9c3de6fcdb70f7ba4&aid=304142&ucfs=1&arphpl=1&checkin=2022-02-24&checkout=2022-02-25&dest_id=-3714993&dest_type=city&group_adults=2&req_adults=2&no_rooms=1&group_children=0&req_children=0&hpos=25&hapos=25&sr_order=popularity&srpvid=c80d71f2d04202b6&srepoch=1645459952&all_sr_blocks=81782503_123748160_0_0_0&highlighted_blocks=81782503_123748160_0_0_0&matching_block_id=81782503_123748160_0_0_0&sr_pri_blocks=81782503_123748160_0_0_0__48873600&tpi_r=2&from=searchresults&map=1,"Qu?n Hoàn Ki?m, Ha? Nô?i","Cách trung tâm 0,7km","8,6",Tuy?t v?i,119 ?ánh giá,Phòng C? ?i?n Gi??ng ?ôi,1 gi??ng ?ôi,,"1 ?êm, 2 ng??i l?n",VND 1.527.300
