https://inboundvietnam.com/Thumb/Web/Resources/Uploaded/1/images/Tours/Northern/Mai-chau/Community-service-tour-1_w366_h225_c.jpg,Community Service Tour,1 Day ,Departure: Contact,00 đ
https://inboundvietnam.com/Thumb/Web/Resources/Uploaded/1/images/Tours/Northern/Quang-ninh/Hanoi-halong-golf-tour-8_w366_h225_c.jpg,Hanoi – Ha Long Golf Tour,6 Days 5 Nights,Departure: Contact,"22,550,000 đ"
https://inboundvietnam.com/Thumb/Web/Resources/Uploaded/1/images/Tours/Northern/Lao-cai/Trekking-fansipan-peak-3-days-touching-the-roof-of-indochina-5_w366_h225_c.jpg,Trekking Fansipan Peak 3 Days - Touching The Roof of Indochina,3 Days 2 Nights,Departure: Contact,"4,577,000 đ"
https://inboundvietnam.com/Thumb/Web/Resources/Uploaded/1/images/Tours/Northern/Lao-cai/Trekking-fansipan-peak-2-days-conquer-the-roof-of-indochina-2_w366_h225_c.jpg,Trekking Fansipan Peak 2 Days - Conquer The Roof of Indochina,2 Days 1 Night,Departure: Contact,"3,450,000 đ"
https://inboundvietnam.com/Thumb/Web/Resources/Uploaded/1/images/Tours/South/Ho-chi-minh-city/Aboard-paradise-elegance-halong-bay-7_w366_h225_c.jpg,Aboard Paradise Elegance Halong Bay,2 Days 1 Night,Departure: Contact,"3,880,000 đ"
https://inboundvietnam.com/Thumb/Web/Resources/Uploaded/1/images/Tours/Northern/Quang-ninh/Emperor-experience-bai-tu-long-bay-12_w366_h225_c.jpg,Experience Bai Tu Long Bay on Emperor Cruise,2 Days 1 Night,Departure: Contact,"9,660,000 đ"
https://inboundvietnam.com/Thumb/Web/Resources/Uploaded/1/images/Tours/Northern/Quang-ninh/Heritage-explorer-cruise-lan-ha-1_w366_h225_c.jpg,Heritage Cruise - A Gem in Lan Ha Bay,3 Days 2 Nights,Departure: Contact,"13,180,000 đ"
https://inboundvietnam.com/Thumb/Web/Resources/Uploaded/1/images/Tours/Northern/Hai-phong/Heritage-discover-cruise-lan-ha-bay-expedition-9_w366_h225_c.jpg,Heritage Cruise Lan Ha Bay Expedition,2 Days 1 Night,Departure: Contact,"8,765,000 đ"
https://inboundvietnam.com/Thumb/Web/Resources/Uploaded/1/images/Tours/Northern/Quang-ninh/Halong-tour-by-seaplane-2_w366_h225_c.jpg,Ha Long Bay Tour By Seaplane,1 Day ,Departure: Contact,"19,550,000 đ"
https://inboundvietnam.com/Thumb/Web/Resources/Uploaded/1/images/Tours/Northern/Quang-ninh/Halong-bay-tour-1-day-by-helicopter-and-boat-1_w366_h225_c.jpg,Ha Long Bay Tour 1 Day By Helicopter And Boat,1 Day ,Departure: Contact,"18,170,000 đ"
https://inboundvietnam.com/Thumb/Web/Resources/Uploaded/1/images/Tours/Northern/Ha-noi/Hanoi-halong-bay-9_w366_h225_c.jpg,Hanoi - Ha Long Bay - Connecting Heritages,4 Days 3 Nights,Departure: Contact,"10,480,000 đ"
https://inboundvietnam.com/Thumb/Web/Resources/Uploaded/1/images/Tours/Northern/Ha-noi/Hanoi-food-tour-at-night-on-motobike-2_w366_h225_c.jpg,Hanoi Food Tour At Night On Motorbike,1 Day ,Departure: Daily,"1,150,000 đ"
https://inboundvietnam.com/Thumb/Web/Resources/Uploaded/1/images/Tours/Northern/Ninh-binh/Impressive-halong-ba-ninh-binh-4_w366_h225_c.jpg,Impressive Halong Bay & Ninh Binh - The Magical Kong's Land,5 Days 4 Nights,Departure: Contact,"8,880,000 đ"
https://inboundvietnam.com/Thumb/Web/Resources/Uploaded/1/images/Tours/Northern/Ha-noi/food-tour-hanoi-8_w366_h225_c.jpg,Street Food Tour Hanoi City,1 Day ,Departure: Daily,"880,000 đ"
https://inboundvietnam.com/Thumb/Web/Resources/Uploaded/1/images/Tours/Northern/Ha-noi/hanoi-1-day-8_w366_h225_c.jpg,Hanoi City Tour Full Day,1 Day ,Departure: Daily,"760,000 đ"
https://inboundvietnam.com/Thumb/Web/Resources/Uploaded/1/images/Tours/Northern/Ha-noi/Food-on-foot-tour-4_w366_h225_c.jpg,Hanoi Food On Foot Tour,1 Day ,Departure: Daily,"1,150,000 đ"
https://inboundvietnam.com/Thumb/Web/Resources/Uploaded/1/images/Tours/Northern/Mai-chau/amazing-mai-chau-1_w366_h225_c.jpg,Amazing Mai Chau,2 Days 1 Night,Departure: Contact,"1,500,000 đ"
https://inboundvietnam.com/Thumb/Web/Resources/Uploaded/1/images/Tours/Northern/Ninh-binh/Ninh-binh-day-trip-2_w366_h225_c.jpg,Ninh Binh 1 Day Trip,1 Day ,Departure: Daily,"800,000 đ"
https://inboundvietnam.com/Thumb/Web/Resources/Uploaded/1/images/Tours/Northern/Lao-cai/Spectacular-sapa-1_w366_h225_c.jpg,Spectacular Sapa,3 Days 2 Nights,Departure: Contact,"9,090,000 đ"
https://inboundvietnam.com/Thumb/Web/Resources/Uploaded/1/images/Tours/Northern/Ha-noi/Hanoi-halong-bay-9_w366_h225_c.jpg,"Hanoi - Ha Long Bay - Connecting Heritages","4 Days 3 Nights","Departure: Contact","10,480,000 đ"
https://inboundvietnam.com/Thumb/Web/Resources/Uploaded/1/images/Tours/Northern/Hai-phong/Heritage-discover-cruise-lan-ha-bay-expedition-9_w366_h225_c.jpg,Heritage Cruise Lan Ha Bay Expedition,2 Days 1 Night,Departure: Contact,"8,765,000 đ"